Province,District,Name,Party,,,Year,First,Last
Abra ,Lone ,Ma. Jocelyn Valera-Bernos ,Liberal1,1,Majority ,15,Jocelyn,Valera-Bernos
Agusan del Norte ,1st,Jose Aquino II ,Lakas ,2,Minority ,15,Jose,Aquino
Agusan del Norte ,2nd,Angelica Amante ,Liberal ,1,Majority ,15,Angelica,Amante
Agusan del Sur ,1st,Maria Valentina Plaza ,NUP ,1,Majority ,15,Maria,Plaza
Agusan del Sur ,2nd,Evelyn Mellana ,NUP ,1,Majority ,15,Evelyn,Mellana
Aklan ,Lone ,Florencio Miraflores ,Liberal1,3,Majority ,15,Florencio,Miraflores
Albay ,1st,Edcel Lagman ,Independent ,3,Majority ,15,Edcel,Lagman
Albay ,2nd,Al Francis Bichara ,Nacionalista ,2,Majority ,15,Al,Bichara
Albay ,3rd,Fernando Gonzalez2,Liberal ,1,Majority ,15,Fernando,Gonzalez
Antipolo ,1st,Roberto Puno ,NUP ,2,Majority ,15,Roberto,Puno
Antipolo ,2nd,Romeo Acop ,Liberal ,1,Majority ,15,Romeo,Acop
Antique ,Lone ,Paolo Javier ,Liberal ,1,Majority ,15,Paolo,Javier
Apayao ,Lone ,Eleanor Begtang ,NPC ,1,Majority ,15,Eleanor,Begtang
Aurora ,Lone ,Juan Edgardo Angara ,LDP ,3,Majority ,15,Juan,Angara
Bacolod ,Lone ,"Anthony Golez, Jr. ",Independent ,1,Majority ,15,Anthony,Golez
Baguio ,Lone ,Bernardo Vergara ,UNA ,1,Majority ,15,Bernardo,Vergara
Basilan ,Lone ,Hadjiman Hataman-Salliman ,Liberal ,1,Majority ,15,Hadjiman,Hataman-Salliman
Bataan ,1st,Herminia Roman ,Liberal ,2,Majority ,15,Herminia,Roman
Bataan ,2nd,Albert S. Garcia ,NUP ,3,Majority ,15,Albert,Garcia
Batanes ,Lone ,Henedina Abad ,Liberal ,1,Majority ,15,Henedina,Abad
Batangas ,1st,Tomas Apacible ,Liberal ,1,Majority ,15,Tomas,Apacible
Batangas ,2nd,Hermilando Mandanas ,Independent ,3,Majority ,15,Hermilando,Mandanas
Batangas ,3rd,Nelson Collantes ,Liberal1,1,Majority ,15,Nelson,Collantes
Batangas ,4th,Mark L. Mendoza ,NPC ,2,Majority ,15,Mark,Mendoza
Benguet ,Lone ,Ronald Cosalan ,Liberal ,1,Majority ,15,Ronald,Cosalan
Biliran ,Lone ,Rogelio Espina ,Liberal1,1,Majority ,15,Rogelio,Espina
Bohol ,1st,Rene Relampagos ,Liberal1,1,Majority ,15,Rene,Relampagos
Bohol ,2nd,"Erico B. Aumentado (until December 26, 2012)3",NPC ,1,Minority ,15,Erico, 
Bohol ,3rd,Arthur Yap ,NPC ,1,Minority ,15,Arthur,Yap
Bukidnon ,1st,Jesus Emmanuel Paras ,NPC ,1,Majority ,15,Jesus,Paras
Bukidnon ,2nd,"Florencio Flores, Jr. ",Nacionalista ,1,Majority ,15,Florencio,Flores
Bukidnon ,3rd,Jose Zubiri III ,Bukidnon Paglaum ,2,Majority ,15,Jose,Zubiri
Bulacan ,1st,Ma. Victoria Sy-Alvarado ,NUP ,2,Majority ,15,Victoria,Sy-Alvarado
Bulacan ,2nd,Pedro Pancho ,NUP ,3,Majority ,15,Pedro,Pancho
Bulacan ,3rd,Jonjon Mendoza ,Liberal ,1,Majority ,15,Jonjon,Mendoza
Bulacan ,4th,Linabelle Villarica ,Liberal ,1,Majority ,15,Linabelle,Villarica
Cagayan ,1st,"Juan Ponce Enrile, Jr. ",NPC ,1,Majority ,15,Juan,Enrile
Cagayan ,2nd,Florencio Vargas,Lakas-Kampi ,3,(none) ,15,Florencio,Vargas
Cagayan ,2nd,Baby Aline Vargas-Alfonso,NUP ,0,Majority ,15,Baby,Vargas-Alfonso
Cagayan ,3rd,Randolph Ting ,NUP ,1,Majority ,15,Randolph,Ting
Cagayan de Oro ,1st,Jose Benjamin Benaldo ,Nacionalista ,1,Majority ,15,Jose,Benaldo
Cagayan de Oro ,2nd,Rufus Rodriguez ,CDP ,2,Majority ,15,Rufus,Rodriguez
Caloocan ,1st,Oscar Malapitan ,UNA ,3,Majority ,15,Oscar,Malapitan
Caloocan ,2nd,Mitzi Cajayon ,NUP ,2,Majority ,15,Mitzi,Cajayon
Camarines Norte ,1st,"Renato Unico, Jr. ",NUP ,1,Majority ,15,Renato,Unico
Camarines Norte ,2nd,Elmer Panotes ,Lakas ,1,Minority ,15,Elmer,Panotes
Camarines Sur ,1st,"Rolando Andaya, Jr. ",Lakas ,1,Majority ,15,Rolando,Andaya
Camarines Sur ,2nd,Dato Arroyo ,Lakas ,2,Minority ,15,Dato,Arroyo
Camarines Sur ,3rd,"Luis Villafuerte, Sr. ",NPC ,3,Majority ,15,Luis,Villafuerte
Camarines Sur ,4th,Arnulfo Fuentebella ,NPC ,3,Majority ,15,Arnulfo,Fuentebella
Camarines Sur ,5th,Salvio Fortuno ,Liberal1,1,Majority ,15,Salvio,Fortuno
Camiguin ,Lone ,"Pedro Romualdo(until April 24, 2013)16",Lakas ,2,Majority ,15,Pedro, 
Capiz ,1st,Antonio Del Rosario ,Liberal ,2,Majority ,15,Antonio,Rosario
Capiz ,2nd,Jane Castro ,NUP ,1,Majority ,15,Jane,Castro
Catanduanes ,Lone ,Cesar Sarmiento ,Liberal ,1,Majority ,15,Cesar,Sarmiento
Cavite ,1st,"Joseph Emilio Abaya (until October 18, 2012)",Liberal ,3,Majority ,15,Joseph, 
Cavite ,2nd,Lani Mercado ,Lakas ,1,Minority ,15,Lani,Mercado
Cavite ,3rd,Erineo Maliksi ,Liberal ,1,Majority ,15,Erineo,Maliksi
Cavite ,5th,Roy Loyola ,Liberal ,1,Majority ,15,Roy,Loyola
Cavite ,6th,Antonio Ferrer ,NUP ,1,Majority ,15,Antonio,Ferrer
Cavite ,7th,Crispin Remulla ,Nacionalista/Magdalo ,3,Majority ,15,Crispin,Remulla
Cebu ,1st,Eduardo Gullas ,Nacionalista/Alayon ,3,Majority ,15,Eduardo,Gullas
Cebu ,2nd,Pablo P. Garcia ,NUP ,2,Majority ,15,Pablo,Garcia
Cebu ,3rd,Pablo John Garcia ,NUP ,2,Majority ,15,Pablo,Garcia
Cebu ,4th,Benhur Salimbangon ,NUP ,1,Majority ,15,Benhur,Salimbangon
Cebu ,5th,Ramon Durano VI ,NPC ,3,Majority ,15,Ramon,VI
Cebu ,6th,Gabriel Luis Quisumbing ,Liberal ,1,Majority ,15,Gabriel,Quisumbing
Cebu City ,1st,Rachel del Mar ,Liberal ,1,Majority ,15,Rachel,Mar
Cebu City ,2nd,Tomas Osmeña ,Liberal ,1,Majority ,15,Tomas,Osmeña
Compostela Valley ,1st,Maria Carmen Zamora ,Liberal1,1,Majority ,15,Maria,Zamora
Compostela Valley ,2nd,Rommel Amatong ,Lakas ,2,Majority ,15,Rommel,Amatong
Cotabato (North) ,1st,Jesus Sacdalan ,Liberal ,1,Majority ,15,Jesus,Sacdalan
Cotabato (North) ,2nd,Nancy Catamco ,Liberal ,1,Majority ,15,Nancy,Catamco
Dasmariñas City ,Lone ,"Elpidio Barzaga, Jr. ",NUP ,2,Majority ,15,Elpidio,Barzaga
Davao City ,1st,Karlo Nograles ,NUP ,1,Majority ,15,Karlo,Nograles
Davao City ,2nd,Mylene Garcia-Albano ,Liberal1,1,Majority ,15,Mylene,Garcia-Albano
Davao City ,3rd,Isidro Ungab ,Liberal/Hugpong ,2,Majority ,15,Isidro,Ungab
Davao del Norte ,1st,Antonio Rafael del Rosario ,Liberal ,1,Majority ,15,Antonio,Rosario
Davao del Norte ,2nd,"Antonio Lagdameo, Jr. ",NUP ,2,Majority ,15,Antonio,Lagdameo
Davao del Sur ,1st,Marc Douglas Cagas IV ,Nacionalista ,2,Minority ,15,Marc,Cagas
Davao del Sur ,2nd,Franklin Bautista ,Liberal ,2,Majority ,15,Franklin,Bautista
Davao Oriental ,1st,Nelson Dayanghirang ,Nacionalista ,2,Majority ,15,Nelson,Dayanghirang
Davao Oriental ,2nd,Thelma Almario ,Lakas ,2,Majority ,15,Thelma,Almario
Dinagat Islands6,Lone ,"Ruben Ecleo, Jr. (until May 31, 2012)7",Lakas ,1,Majority ,15,Ruben, 
Eastern Samar ,Lone ,Ben Evardone ,Liberal1,1,Majority ,15,Ben,Evardone
Guimaras ,Lone ,Joaquin Carlos Rahman Nava ,Liberal1,2,Majority ,15,Joaquin,Nava
Ifugao ,Lone ,"Teodoro Baguilat, Jr. ",Liberal ,1,Majority ,15,Teodoro,Baguilat
Iligan City ,Lone ,"Vicente Belmonte, Jr. ",Liberal ,2,Majority ,15,Vicente,Belmonte
Ilocos Norte ,1st,Rodolfo Fariñas ,Nacionalista ,1,Majority ,15,Rodolfo,Fariñas
Ilocos Norte ,2nd,Imelda Marcos ,KBL/Nacionalista ,1,Majority ,15,Imelda,Marcos
Ilocos Sur ,1st,Ronald Singson,Lakas-Kampi ,2,Majority ,15,Ronald,Singson
Ilocos Sur ,1st,Ryan Singson,Nacionalista/Biled ,0,Majority ,15,Ryan,Singson
Ilocos Sur ,2nd,"Eric Singson, Jr. ",Liberal1,1,Majority ,15,Eric,Singson
Iloilo ,1st,Janette Garin ,Liberal ,3,Majority ,15,Janette,Garin
Iloilo ,2nd,"Augusto Syjuco, Jr. ",UNA ,1,Minority ,15,Augusto,Syjuco
Iloilo ,3rd,"Arthur Defensor, Jr. ",Liberal ,1,Majority ,15,Arthur,Defensor
Iloilo ,4th,Ferjenel Biron ,UNA ,3,Majority ,15,Ferjenel,Biron
Iloilo ,5th,"Niel Tupas, Jr. ",Liberal ,2,Majority ,15,Niel,Tupas
Iloilo City ,Lone ,Jerry Treñas ,Liberal ,1,Majority ,15,Jerry,Treñas
Isabela ,1st,"Rodolfo Albano, Jr. ",NPC ,1,Minority ,15,Rodolfo,Albano
Isabela ,2nd,Anna Cristina Go ,Nacionalista ,1,Majority ,15,Anna,Go
Isabela ,3rd,Napoleon Dy ,NPC ,1,Majority ,15,Napoleon,Dy
Isabela ,4th,Giorgidi Aggabao ,NPC ,2,Majority ,15,Giorgidi,Aggabao
Kalinga ,Lone ,Manuel Agyao ,Liberal ,2,Majority ,15,Manuel,Agyao
La Union ,1st,Victor Francisco Ortega ,Lakas ,2,Majority ,15,Victor,Ortega
La Union ,2nd,Eufranio Eriguel ,NPC ,1,Majority ,15,Eufranio,Eriguel
Laguna ,1st,Danilo Fernandez ,Liberal ,2,Majority ,15,Danilo,Fernandez
Laguna ,2nd,Timmy Chipeco ,Liberal ,3,Majority ,15,Timmy,Chipeco
Laguna ,3rd,Evita Arago ,Liberal ,2,Majority ,15,Evita,Arago
Laguna ,4th,Edgar San Luis ,NPC/Liberal ,2,Majority ,15,Edgar,Luis
Lanao del Norte ,1st,Imelda Dimaporo ,NPC ,1,Minority ,15,Imelda,Dimaporo
Lanao del Norte ,2nd,Fatima Aliah Dimaporo ,NPC ,1,Minority ,15,Fatima,Dimaporo
Lanao del Sur ,1st,Mohammed Hussein Pacasum Pangandaman ,Independent ,1,Minority ,15,Mohammed,Pangandaman
Lanao del Sur ,2nd,Pangalian Balindong ,Liberal ,2,Majority ,15,Pangalian,Balindong
Lapu-Lapu City ,Lone ,Arturo Radaza ,Lakas ,1,Minority ,15,Arturo,Radaza
Las Piñas ,Lone ,Mark Villar ,Nacionalista ,1,Majority ,15,Mark,Villar
Leyte ,1st,Ferdinand Martin Romualdez ,Lakas ,2,Minority ,15,Ferdinand,Romualdez
Leyte ,2nd,Sergio Apostol ,Liberal1,1,Majority ,15,Sergio,Apostol
Leyte ,3rd,"Andres Salvacion, Jr. ",Liberal1,2,Majority ,15,Andres,Salvacion
Leyte ,4th,Lucy Torres ,Liberal ,1,Majority ,15,Lucy,Torres
Leyte ,5th,Jose Carlos Cari ,Liberal1,1,Majority ,15,Jose,Cari
Maguindanao ,1st,Bai Sandra Sema ,Liberal ,1,Majority ,15,Bai,Sema
Maguindanao ,2nd,Simeon Datumanong ,Lakas ,3,Minority ,15,Simeon,Datumanong
Makati ,1st,Monique Lagdameo ,UNA ,1,Majority ,15,Monique,Lagdameo
Makati ,2nd,Abigail Binay ,PDP-LABAN ,2,Majority ,15,Abigail,Binay
Malabon ,Lone ,Josephine Lacson-Noel ,NPC ,2,Majority ,15,Josephine,Lacson-Noel
Mandaluyong ,Lone ,"Neptali M. Gonzales, Jr. ",Liberal ,2,Majority ,15,Neptali,Gonzales
Manila ,1st,Benjamin Asilo ,Liberal/KKK ,2,Majority ,15,Benjamin,Asilo
Manila ,2nd,Carlo Lopez ,Liberal/KKK ,1,Majority ,15,Carlo,Lopez
Manila ,3rd,Zenaida Angping ,NPC ,2,Majority ,15,Zenaida,Angping
Manila ,4th,Trisha Bonoan-David ,NUP ,2,Majority ,15,Trisha,Bonoan-David
Manila ,5th,Amado Bagatsing ,KABAKA ,2,Majority ,15,Amado,Bagatsing
Manila ,6th,Rosenda Ocampo ,Liberal/KKK ,1,Majority ,15,Rosenda,Ocampo
Marikina ,1st,Marcelino Teodoro ,Liberal1,2,Majority ,15,Marcelino,Teodoro
Marikina ,2nd,Miro Quimbo ,Liberal ,1,Majority ,15,Miro,Quimbo
Marinduque ,Lone ,Lord Allan Jay Velasco ,NUP ,1,Majority ,15,Lord,Velasco
Masbate ,1st,"Narciso Bravo, Jr. ",NUP ,3,Majority ,15,Narciso,Bravo
Masbate ,2nd,Antonio Kho ,Lakas ,2,Majority ,15,Antonio,Kho
Masbate ,3rd,Scott Davies Lanete ,NPC ,1,Majority ,15,Scott,Lanete
Misamis Occidental ,1st,Jorge Almonte ,Liberal ,1,Majority ,15,Jorge,Almonte
Misamis Occidental ,2nd,Loreto Ocampos ,Liberal ,1,Majority ,15,Loreto,Ocampos
Misamis Oriental ,1st,Peter Unabia ,Liberal ,1,Majority ,15,Peter,Unabia
Misamis Oriental ,2nd,Yevgeny Vincente Emano ,Nacionalista ,2,Majority ,15,Yevgeny,Emano
Mountain Province ,Lone ,Maximo Dalog ,Liberal1,1,Majority ,15,Maximo,Dalog
Muntinlupa ,Lone ,Rodolfo Biazon ,Liberal ,1,Majority ,15,Rodolfo,Biazon
Navotas ,Lone ,Toby Tiangco ,UNA/Navoteño ,1,Independent ,15,Toby,Tiangco
Negros Occidental ,1st,Jules Ledesma ,NPC ,2,Majority ,15,Jules,Ledesma
Negros Occidental ,2nd,Alfredo Marañon III ,NUP ,3,Majority ,15,Alfredo,Marañon
Negros Occidental ,3rd,Alfredo Benitez ,Liberal ,1,Majority ,15,Alfredo,Benitez
Negros Occidental ,4th,Jeffrey Ferrer ,Independent ,2,Majority ,15,Jeffrey,Ferrer
Negros Occidental ,5th,"Iggy Arroyo (until January 26, 2012)10",Lakas-Kampi ,3,Minority ,15,Iggy, 
Negros Occidental ,"","Alejandro Mirasol (since June 4, 2012)11",Liberal ,0,Majority ,15,Alejandro, 
Negros Occidental ,6th,Mercedes Alvarez ,Liberal ,1,Majority ,15,Mercedes,Alvarez
Negros Oriental ,1st,Jocelyn linkaichong ,Liberal ,2,Majority ,15,Jocelyn,linkaichong
Negros Oriental ,2nd,George Arnaiz ,NPC ,2,Majority ,15,George,Arnaiz
Negros Oriental ,3rd,Pryde Henry Teves ,NPC ,2,Majority ,15,Pryde,Teves
Northern Samar ,1st,Raul Daza ,Liberal ,1,Majority ,15,Raul,Daza
Northern Samar ,2nd,Emil Ong ,NUP ,2,Majority ,15,Emil,Ong
Nueva Ecija ,1st,Josefina Joson ,NPC/BALANE ,1,Majority ,15,Josefina,Joson
Nueva Ecija ,2nd,Joseph Gilbert Violago ,Liberal1,2,Majority ,15,Joseph,Violago
Nueva Ecija ,3rd,Czarina Umali ,Liberal ,2,Majority ,15,Czarina,Umali
Nueva Ecija ,4th,Rodolfo Antonino ,NUP ,3,Majority ,15,Rodolfo,Antonino
Nueva Vizcaya ,Lone ,Carlos M. Padilla ,Nacionalista/Abante ,2,Minority ,15,Carlos,Padilla
Occidental Mindoro ,Lone ,Ma. Amelita Villarosa ,Lakas ,3,Majority ,15,Amelita,Villarosa
Oriental Mindoro ,1st,Rodolfo Valencia ,Liberal1,3,Majority ,15,Rodolfo,Valencia
Oriental Mindoro ,2nd,Reynaldo Umali ,Liberal ,1,Majority ,15,Reynaldo,Umali
Palawan ,1st,Antonio C. Alvarez ,NUP ,3,Majority ,15,Antonio,Alvarez
Palawan ,2nd,Victorino Dennis Socrates ,NUP ,1,Majority ,15,Victorino,Socrates
Pampanga ,1st,Carmelo Lazatin ,Lakas ,2,Minority ,15,Carmelo,Lazatin
Pampanga ,2nd,Gloria Macapagal-Arroyo ,Lakas ,1,Minority ,15,Gloria,Macapagal-Arroyo
Pampanga ,3rd,"Aurelio Gonzales, Jr. ",NPC ,2,Majority ,15,Aurelio,Gonzales
Pampanga ,4th,Anna York Bondoc ,Nacionalista ,3,Majority ,15,Anna,Bondoc
Pangasinan ,1st,Jesus Celeste ,NPC ,1,Majority ,15,Jesus,Celeste
Pangasinan ,2nd,Leopoldo Bataoil ,NPC ,1,Majority ,15,Leopoldo,Bataoil
Pangasinan ,3rd,Maria Rachel Arenas ,Liberal ,2,Majority ,15,Maria,Arenas
Pangasinan ,4th,Gina de Venecia ,NPC ,1,Majority ,15,Gina,Venecia
Pangasinan ,5th,Carmen Cojuangco ,NPC ,1,Majority ,15,Carmen,Cojuangco
Pangasinan ,6th,Marlyn Aggabas ,NPC ,1,Majority ,15,Marlyn,Aggabas
Parañaque ,1st,Edwin Olivarez ,Liberal ,1,Majority ,15,Edwin,Olivarez
Parañaque ,2nd,Roilo Golez ,Liberal ,3,Majority ,15,Roilo,Golez
Pasay ,Lone ,Imelda Calixto-Rubiano ,Liberal ,1,Majority ,15,Imelda,Calixto-Rubiano
Pasig ,Lone ,Roman Romulo ,Liberal ,2,Majority ,15,Roman,Romulo
Quezon ,1st,Wilfrido Mark Enverga ,NPC ,2,Majority ,15,Wilfrido,Enverga
Quezon ,2nd,Irvin Alcalá ,Liberal ,1,Majority ,15,Irvin,Alcalá
Quezon ,3rd,Danilo Suarez ,Lakas ,3,Minority ,15,Danilo,Suarez
Quezon ,4th,Lorenzo Tañada III ,Liberal ,3,Majority ,15,Lorenzo,Tañada
Quezon City ,1st,Vincent Crisologo ,UNA ,3,Majority ,15,Vincent,Crisologo
Quezon City ,2nd,Winston Castelo ,Liberal ,1,Majority ,15,Winston,Castelo
Quezon City ,3rd,"Jorge Banal, Jr. ",Liberal ,1,Majority ,15,Jorge,Banal
Quezon City ,4th,"Feliciano Belmonte, Jr. ",Liberal ,1,Majority ,15,Feliciano,Belmonte
Quirino ,Lone ,Dakila Carlo Cua ,Liberal ,1,Majority ,15,Dakila,Cua
Rizal ,1st,Joel Duavit ,NPC ,1,Majority ,15,Joel,Duavit
Rizal ,2nd,"Isidro Rodriguez, Jr. ",NPC ,1,Majority ,15,Isidro,Rodriguez
Romblon ,Lone ,Eleandro Jesus Madrona ,Nacionalista[2],2,Majority ,15,Eleandro,Madrona
Samar ,1st,Mel Senen Sarmiento ,Liberal1,1,Majority ,15,Mel,Sarmiento
Samar ,2nd,Milagrosa Tan ,NPC ,1,Majority ,15,Milagrosa,Tan
San Jose del Monte ,Lone ,Arthur Robes ,Liberal1,2,Majority ,15,Arthur,Robes
San Juan ,Lone ,JV Ejercito ,PMP/Magdiwang ,1,Majority ,15,JV,Ejercito
Sarangani ,Lone ,Manny Pacquiao ,UNA/PCM ,1,Majority ,15,Manny,Pacquiao
Siquijor ,Lone ,Orlando Fua ,Lakas ,2,Minority ,15,Orlando,Fua
Sorsogon ,1st,"Salvador Escudero III (until August 13, 2012)12",Liberal[3],2,Majority ,15,Salvador, 
Sorsogon ,2nd,"Deogracias Ramos, Jr. ",Liberal ,1,Majority ,15,Deogracias,Ramos
South Cotabato ,1st,"Pedro Acharon, Jr. ",NPC ,1,Majority ,15,Pedro,Acharon
South Cotabato ,2nd,Daisy Fuentes ,NPC ,1,Majority ,15,Daisy,Fuentes
Southern Leyte ,Lone ,Roger Mercado ,NUP ,3,Majority ,15,Roger,Mercado
Sultan Kudarat ,1st,Raden Sakaluran ,Independent ,1,Majority ,15,Raden,Sakaluran
Sultan Kudarat ,2nd,Arnulfo Go ,NUP ,2,Majority ,15,Arnulfo,Go
Sulu ,1st,Tupay Loong ,NUP ,1,Majority ,15,Tupay,Loong
Sulu ,2nd,Nur-Ana Sahidulla ,NPC ,1,Majority ,15,Nur-Ana,Sahidulla
Surigao del Norte ,1st,Francisco Matugas ,Liberal ,2,Majority ,15,Francisco,Matugas
Surigao del Norte ,2nd,"Guillermo Romarate, Jr. ",Liberal ,2,Majority ,15,Guillermo,Romarate
Surigao del Sur ,1st,Philip Pichay ,Lakas ,2,Minority ,15,Philip,Pichay
Surigao del Sur ,2nd,Florencio Garay ,Liberal ,2,Majority ,15,Florencio,Garay
Taguig–Pateros ,1st,Arnel Cerafica ,Liberal/KDT ,1,Majority ,15,Arnel,Cerafica
Taguig ,2nd,Sigfrido Tiñga ,Liberal/KDT ,1,Majority ,15,Sigfrido,Tiñga
Tarlac ,1st,Enrique Cojuangco ,NPC ,1,Majority ,15,Enrique,Cojuangco
Tarlac ,2nd,Susan Yap-Sulit ,NPC ,1,Majority ,15,Susan,Yap-Sulit
Tarlac ,3rd,Jeci Lapus ,NUP ,2,Majority ,15,Jeci,Lapus
Tawi-Tawi ,Lone ,Nur Jaafar ,NPC ,3,Majority ,15,Nur,Jaafar
Valenzuela ,1st,Rexlon Gatchalian ,NPC ,2,Majority ,15,Rexlon,Gatchalian
Valenzuela ,2nd,Magtanggol Gunigundo ,Lakas ,2,Majority ,15,Magtanggol,Gunigundo
Zambales ,1st,Maria Milagros Magsaysay ,UNA ,3,Majority ,15,Maria,Magsaysay
Zambales ,2nd,Antonio M. Diaz,LM ,3,Majority ,15,Antonio,Diaz
Zambales ,"",Hermogenes Omar Ebdane III,LM/Sulong Zambales ,0,Majority ,15,Hermogenes,Ebdane
Zamboanga City ,1st,Maria Isabelle Climaco Salazar ,Liberal ,2,Majority ,15,Maria,Salazar
Zamboanga City ,2nd,Erico Basilio Fabian ,Nacionalista ,3,Majority ,15,Erico,Fabian
Zamboanga del Norte ,1st,Seth Jalosjos ,Lakas ,1,Majority ,15,Seth,Jalosjos
Zamboanga del Norte ,2nd,Rosendo Labadlabad ,Liberal ,2,Majority ,15,Rosendo,Labadlabad
Zamboanga del Norte ,3rd,Cesar Jalosjos ,Lakas ,3,Majority ,15,Cesar,Jalosjos
Zamboanga del Sur ,1st,Victor Yu ,NPC ,2,Majority ,15,Victor,Yu
Zamboanga del Sur ,2nd,Aurora Cerilles ,NPC ,1,Majority ,15,Aurora,Cerilles
Zamboanga Sibugay ,1st,Jonathan Yambao ,Nacionalista ,1,Majority ,15,Jonathan,Yambao
Zamboanga Sibugay ,2nd,"Romeo Jalosjos, Jr. ",Nacionalista ,1,Majority ,15,Romeo,Jalosjos
