Province,District,Name,Party,Year,First,Last
Abra ,Lone ,Rudolfo A. Bernardez ,LDP  ,8,Rudolfo,Bernardez
Agusan del Norte ,1st ,Charito B. Plaza ,Liberal ,8,Charito,Plaza
Agusan del Norte ,2nd ,"Edelmiro A. Amante, Sr. ",Nacionalista ,8,Edelmiro,Amante
Agusan del Sur ,Lone ,Democrito O. Plaza ,KBL ,8,Democrito,Plaza
Aklan ,Lone ,Ramon B. Legaspi ,LDP ,8,Ramon,Legaspi
Albay ,1st ,Edcel C. Lagman ,LDP ,8,Edcel,Lagman
Albay ,2nd ,Carlos R. Imperial ,Independent ,8,Carlos,Imperial
Albay ,3rd ,Efren R. Sarte ,Liberal ,8,Efren,Sarte
Antique ,Lone ,Exequiel B. Javier ,LDP ,8,Exequiel,Javier
Aurora ,Lone ,Benedicto G. Miran ,LDP ,8,Benedicto,Miran
Bacolod City ,Lone ,Romeo G. Guanzon ,Independent ,8,Romeo,Guanzon
Basilan ,Lone ,Alvin G. Dans ,LDP ,8,Alvin,Dans
Bataan ,1st ,Felicito C. Payumo ,Liberal ,8,Felicito,Payumo
Bataan ,2nd ,Enrique T. Garcia ,LDP ,8,Enrique,Garcia
Batanes ,Lone ,Florencio B. Abad[1] ,Liberal ,8,Florencio,Abad
Batangas ,1st ,Conrado V. Apacible ,Liberal ,8,Conrado,Apacible
Batangas ,2nd ,Hernando B. Perez ,LDP ,8,Hernando,Perez
Batangas ,3rd ,Milagros Laurel-Trinidad ,Nacionalista Party (earlier UNIDO) ,8,Milagros,Laurel-Trinidad
Batangas ,4th ,Jose E. Calingasan ,LDP ,8,Jose,Calingasan
Benguet ,1st ,Honorato Y. Aquino ,LDP ,8,Honorato,Aquino
Benguet ,2nd ,Samuel M. Dangwa ,LDP ,8,Samuel,Dangwa
Bohol ,1st ,Venice Borja-Agana , ,8,Venice,Borja-Agana
Bohol ,2nd ,David B. Tirol , ,8,David,Tirol
Bohol ,3rd ,Isidro C. Zarraga , ,8,Isidro,Zarraga
Bukidnon ,1st ,Socorro O. Acosta , ,8,Socorro,Acosta
Bukidnon ,2nd ,Violeta T. Labaria , ,8,Violeta,Labaria
Bukidnon ,3rd ,"Jose Ma. R. Zubiri, Jr. ",KBL ,8,Jose,Zubiri
Bulacan ,1st ,"Francisco B. Aniag, Jr. ", ,8,Francisco,Aniag
Bulacan ,2nd ,"Vicente C. Rivera, Jr. ", ,8,Vicente,Rivera
Bulacan ,3rd ,Jose L. Cabochan , ,8,Jose,Cabochan
Bulacan ,4th ,Rogaciano M. Mercado[2] ,LDP ,8,Rogaciano,Mercado
Cagayan ,1st ,Domingo A. Tuzon , ,8,Domingo,Tuzon
Cagayan ,2nd ,Leoncio M. Puzon ,KBL ,8,Leoncio,Puzon
Cagayan ,3rd ,Tito M. Dupaya , ,8,Tito,Dupaya
Cagayan de Oro City ,Lone ,Benedicta B. Roa , ,8,Benedicta,Roa
Caloocan City ,1st ,Virgilio P. Robles , ,8,Virgilio,Robles
Caloocan City ,"",Romeo L. Santos[3] , ,8,Romeo,Santos
Caloocan City ,2nd ,Gerardo P. Cabochan , ,8,Gerardo,Cabochan
Camarines Norte ,Lone ,Renato M. Unico ,LDP ,8,Renato,Unico
Camarines Sur ,1st ,Rolando R. Andaya , ,8,Rolando,Andaya
Camarines Sur ,2nd ,Raul S. Roco ,LDP ,8,Raul,Roco
Camarines Sur ,3rd ,Eduardo P. Pilapil , ,8,Eduardo,Pilapil
Camarines Sur ,4th ,Ciriaco R. Alfelor , ,8,Ciriaco,Alfelor
Camiguin ,Lone ,Pedro P. Romualdo , ,8,Pedro,Romualdo
Capiz ,1st ,"Gerardo A. Roxas, Jr. ",Liberal ,8,Gerardo,Roxas
Capiz ,2nd ,Cornelio T. Villareal ,Liberal ,8,Cornelio,Villareal
Catanduanes ,Lone ,Moises M. Tapia[4] , ,8,Moises,Tapia
Cavite ,1st ,Leonardo L. Guerrero , ,8,Leonardo,Guerrero
Cavite ,2nd ,Renato P. Dragon ,KBL ,8,Renato,Dragon
Cavite ,3rd ,Jorge A. Nuñez , ,8,Jorge,Nuñez
Cebu ,1st ,Antonio Bacaltos , ,8,Antonio,Bacaltos
Cebu ,2nd ,Crisologo A. Abines , ,8,Crisologo,Abines
Cebu ,3rd ,Pablo P. Garcia ,LDP ,8,Pablo,Garcia
Cebu ,4th ,"Celestino E. Martinez, Jr. ",LDP ,8,Celestino,Martinez
Cebu ,5th ,Ramon D. Durano III ,KBL ,8,Ramon,Durano
Cebu ,6th ,Vicente L. de la Serna ,LDP ,8,Vicente,Serna
Cebu City ,1st ,Raul V. Del Mar ,LDP ,8,Raul,Mar
Cebu City ,2nd ,Antonio V. Cuenco ,LDP ,8,Antonio,Cuenco
Cotabato (North) ,1st ,Rodrigo B. Gutang , ,8,Rodrigo,Gutang
Cotabato (North) ,2nd ,Gregorio A. Andolana ,PnB ,8,Gregorio,Andolana
Davao City ,1st ,Jesus G. Dureza ,LDP ,8,Jesus,Dureza
Davao City ,"",Prospero C. Nograles[5] , ,8,Prospero,Nograles
Davao City ,2nd ,Cornelio P. Maskariño , ,8,Cornelio,Maskariño
Davao City ,3rd ,Luis T. Santos , ,8,Luis,Santos
Davao del Norte ,1st ,Lorenzo S. Sarmiento , ,8,Lorenzo,Sarmiento
Davao del Norte ,2nd ,Baltazar A. Sator , ,8,Baltazar,Sator
Davao del Norte ,3rd ,Rodolfo P. Del Rosario ,LDP ,8,Rodolfo,Rosario
Davao del Sur ,1st ,"Juanito G. Camasura, Jr. ", ,8,Juanito,Camasura
Davao del Sur ,2nd ,"Benjamin V. Bautista, Sr. ",KBL ,8,Benjamin,Bautista
Davao Oriental ,1st ,Enrico G. Dayanghirang ,PDP-Laban ,8,Enrico,Dayanghirang
Davao Oriental ,2nd ,Thelma Z. Almario ,LDP ,8,Thelma,Almario
Eastern Samar ,Lone ,Jose T. Ramirez , ,8,Jose,Ramirez
Ifugao ,Lone ,Gualberto B. Lumauig ,KBL ,8,Gualberto,Lumauig
Ilocos Norte ,1st ,"Roque R. Ablan, Jr. ",KBL ,8,Roque,Ablan
Ilocos Norte ,2nd ,"Mariano R. Nalupta, Jr. ", ,8,Mariano,Nalupta
Ilocos Sur ,1st ,Luis C. Singson ,KBL ,8,Luis,Singson
Ilocos Sur ,2nd ,Eric D. Singson ,KBL ,8,Eric,Singson
Iloilo ,1st ,Oscar G. Garin , ,8,Oscar,Garin
Iloilo ,2nd ,Alberto J. Lopez , ,8,Alberto,Lopez
Iloilo ,3rd ,Licurgo P. Tirador , ,8,Licurgo,Tirador
Iloilo ,4th ,Narciso D. Monfort ,KBL ,8,Narciso,Monfort
Iloilo ,5th ,Neil D. Tupas ,KBL ,8,Neil,Tupas
Iloilo City ,Lone ,Rafael J. Lopez-Vito , ,8,Rafael,Lopez-Vito
Isabela ,1st ,Rodolfo B. Albano ,KBL ,8,Rodolfo,Albano
Isabela ,2nd ,"Simplicio B. Domingo, Jr. ",KBL ,8,Simplicio,Domingo
Isabela ,3rd ,Santiago P. Respicio , ,8,Santiago,Respicio
Isabela ,4th ,Antonio M. Abaya ,KBL ,8,Antonio,Abaya
Kalinga-Apayao ,Lone ,William F. Claver , ,8,William,Claver
La Union ,1st ,Victor F. Ortega ,Nacionalista/KBL ,8,Victor,Ortega
La Union ,2nd ,Jose D. Aspiras ,KBL ,8,Jose,Aspiras
Laguna ,1st ,Nereo R. Joaquin , ,8,Nereo,Joaquin
Laguna ,2nd ,"Justin M. Chipeco, Jr. ",KBL ,8,Justin,Chipeco
Laguna ,3rd ,Florante L. Aquino , ,8,Florante,Aquino
Laguna ,4th ,Magdaleno M. Palacol , ,8,Magdaleno,Palacol
Lanao del Norte ,1st ,Mariano Ll. Badelles ,KBL ,8,Mariano,Badelles
Lanao del Norte ,2nd ,Abdullah D. Dimaporo[6] ,KBL ,8,Abdullah,Dimaporo
Lanao del Sur ,1st ,Sultan Omar M. Dianalan ,LDP ,8,Sultan,Dianalan
Lanao del Sur ,2nd ,Mohamad Ali B. Dimaporo ,KBL ,8,Mohamad,Dimaporo
Las Piñas-Muntinlupa ,Lone ,Filemon C. Aguilar , ,8,Filemon,Aguilar
Leyte ,1st ,Cirilo Roy C. Montejo , ,8,Cirilo,Montejo
Leyte ,2nd ,"Manuel L. Horca, Jr. ", ,8,Manuel,Horca
Leyte ,3rd ,Alberto S. Veloso ,KBL ,8,Alberto,Veloso
Leyte ,4th ,Carmelo J. Locsin ,independent ,8,Carmelo,Locsin
Leyte ,5th ,Eriberto V. Loreto ,LDP ,8,Eriberto,Loreto
Maguindanao ,1st ,Michael Mastura , ,8,Michael,Mastura
Maguindanao ,2nd ,Guimid P. Matalam , ,8,Guimid,Matalam
Makati ,Lone ,Ma. Consuelo Puyat-Reyes ,KBL ,8,Consuelo,Puyat-Reyes
Malabon-Navotas ,Lone ,Teresa Aquino-Oreta ,LDP ,8,Teresa,Aquino-Oreta
Manila ,1st ,Martin B. Isidro ,Liberal ,8,Martin,Isidro
Manila ,2nd ,Jaime C. Lopez ,PDP-Laban ,8,Jaime,Lopez
Manila ,3rd ,Leonardo B. Fugoso , ,8,Leonardo,Fugoso
Manila ,4th ,"Ramon S. Bagatsing, Jr. ",LDP ,8,Ramon,Bagatsing
Manila ,5th ,Amado S. Bagatsing ,LDP ,8,Amado,Bagatsing
Manila ,6th ,Pablo V. Ocampo , ,8,Pablo,Ocampo
Marikina ,Lone ,Democlito J. Angeles , ,8,Democlito,Angeles
Marinduque ,Lone ,Carmencita O. Reyes , ,8,Carmencita,Reyes
Masbate ,1st ,Tito R. Espinosa , ,8,Tito,Espinosa
Masbate ,2nd ,Luz Cleta R. Bakunawa , ,8,Luz,Bakunawa
Masbate ,3rd ,Moises R. Espinosa[7] , ,8,Moises,Espinosa
Misamis Occidental ,1st ,Ernie D. Clarete , ,8,Ernie,Clarete
Misamis Occidental ,2nd ,Herminia M. Ramiro , ,8,Herminia,Ramiro
Misamis Oriental ,1st ,Isacio A. Pelaez , ,8,Isacio,Pelaez
Misamis Oriental ,2nd ,Victorico L. Chavez , ,8,Victorico,Chavez
Mountain Province ,Lone ,Victor S. Dominguez ,KBL ,8,Victor,Dominguez
Negros Occidental ,1st ,Salvador S. Laguda , ,8,Salvador,Laguda
Negros Occidental ,2nd ,Manuel H. Puey , ,8,Manuel,Puey
Negros Occidental ,3rd ,Jose Carlos V. Lacson , ,8,Jose,Lacson
Negros Occidental ,4th ,Edward M. Matti , ,8,Edward,Matti
Negros Occidental ,5th ,Mariano M. Yulo , ,8,Mariano,Yulo
Negros Occidental ,6th ,Hortensia L. Starke , ,8,Hortensia,Starke
Negros Oriental ,1st ,Jerome V. Paras , ,8,Jerome,Paras
Negros Oriental ,2nd ,Miguel L. Romero ,LDP ,8,Miguel,Romero
Negros Oriental ,3rd ,Margarito B. Teves , ,8,Margarito,Teves
Northern Samar ,1st ,Raul A. Daza ,Liberal ,8,Raul,Daza
Northern Samar ,2nd ,"Jose L. Ong, Jr. ",LDP ,8,Jose,Ong
Nueva Ecija ,1st ,Eduardo Nonato N. Joson ,KBL/BALANE ,8,Eduardo,Joson
Nueva Ecija ,2nd ,"Simeon E. Garcia, Jr. ", ,8,Simeon,Garcia
Nueva Ecija ,3rd ,"Hermogenes D. Concepcion, Jr. ", ,8,Hermogenes,Concepcion
Nueva Ecija ,4th ,"Nicanor D. De Guzman, Jr.[8] ", ,8,Nicanor,Jr.
Nueva Vizcaya ,Lone ,Carlos M. Padilla ,LDP ,8,Carlos,Padilla
Occidental Mindoro ,Lone ,Mario Gene J. Mendiola , ,8,Mario,Mendiola
Oriental Mindoro ,1st ,Rodolfo G. Valencia , ,8,Rodolfo,Valencia
Oriental Mindoro ,2nd ,Jesus M. Punzalan , ,8,Jesus,Punzalan
Palawan ,1st ,David A. Ponce De Leon , ,8,David,Leon
Palawan ,2nd ,Ramon V. Mitra ,LDP ,8,Ramon,Mitra
Pampanga ,1st ,Carmelo F. Lazatin , ,8,Carmelo,Lazatin
Pampanga ,2nd ,Emigdio L. Lingad ,LDP ,8,Emigdio,Lingad
Pampanga ,3rd ,Oscar S. Rodriguez ,PnB ,8,Oscar,Rodriguez
Pampanga ,4th ,Marciano M. Pineda , ,8,Marciano,Pineda
Pampanga ,"",Emilio Bondoc[9] , ,8,Emilio,Bondoc
Pangasinan ,1st ,Oscar M. Orbos[10] , ,8,Oscar,Orbos
Pangasinan ,2nd ,Antonio E. Bengson III , ,8,Antonio,Bengson
Pangasinan ,3rd ,Fabian S. Sison ,LDP ,8,Fabian,Sison
Pangasinan ,4th ,"Jose C. De Venecia, Jr. ",LDP ,8,Jose,Venecia
Pangasinan ,5th ,"Conrado B. Estrella, Jr. ", ,8,Conrado,Estrella
Pangasinan ,6th ,Conrado M. Estrella III , ,8,Conrado,Estrella
Parañaque ,Lone ,Freddie N. Webb , ,8,Freddie,Webb
Pasay City ,Lone ,Lorna Verano-Yap , ,8,Lorna,Verano-Yap
Pasig ,Lone ,Rufino S. Javier , ,8,Rufino,Javier
Pateros-Taguig ,Lone ,Dante O. Tinga , ,8,Dante,Tinga
Quezon ,1st ,Wilfrido L. Enverga , ,8,Wilfrido,Enverga
Quezon ,2nd ,Mario L. Tagarao[11] , ,8,Mario,Tagarao
Quezon ,3rd ,"Bienvenido O. Marquez, Jr. ", ,8,Bienvenido,Marquez
Quezon ,4th ,Oscar F. Santos , ,8,Oscar,Santos
Quezon City ,1st ,Renato A. Yap , ,8,Renato,Yap
Quezon City ,2nd ,Antonio L. Aquino , ,8,Antonio,Aquino
Quezon City ,3rd ,Anna Dominique M.L. Coseteng , ,8,Anna,Coseteng
Quezon City ,4th ,"Ismael A. Mathay, Jr. ",KBL ,8,Ismael,Mathay
Quirino ,Lone ,Junie E. Cua , ,8,Junie,Cua
Rizal ,1st ,Francisco S. Sumulong ,LDP ,8,Francisco,Sumulong
Rizal ,2nd ,"Emigdio S. Tanjuatco, Jr. ",LDP ,8,Emigdio,Tanjuatco
Romblon ,Lone ,"Natalio M. Beltran, Jr. ",LDP ,8,Natalio,Beltran
Samar (Western) ,1st ,Jose A. Roño ,KBL ,8,Jose,Roño
Samar (Western) ,2nd ,Venancio T. Garduce ,PnB ,8,Venancio,Garduce
San Juan-Mandaluyong ,Lone ,Ronaldo B. Zamora ,KBL ,8,Ronaldo,Zamora
Siquijor ,Lone ,Orlando B. Fua , ,8,Orlando,Fua
Sorsogon ,1st ,Salvador H. Escudero III ,KBL ,8,Salvador,Escudero
Sorsogon ,2nd ,Bonifacio H. Gillego ,PnB ,8,Bonifacio,Gillego
South Cotabato ,1st ,Adelbert W. Antonino , ,8,Adelbert,Antonino
South Cotabato ,2nd ,Hilario L. De Pedro III , ,8,Hilario,Pedro
South Cotabato ,3rd ,James L. Chiongbian , ,8,James,Chiongbian
Southern Leyte ,Lone ,Roger G. Mercado , ,8,Roger,Mercado
Southern Leyte ,"",Rosette Y. Lerias[12] , ,8,Rosette,Lerias
Sultan Kudarat ,Lone ,Estanislao V. Valdez , ,8,Estanislao,Valdez
Sulu ,1st ,Abdusakur M. Tan , ,8,Abdusakur,Tan
Sulu ,2nd ,Arden S. Anni , ,8,Arden,Anni
Surigao del Norte ,1st ,Glenda B. Ecleo , ,8,Glenda,Ecleo
Surigao del Norte ,2nd ,Constantino C. Navarro , ,8,Constantino,Navarro
Surigao del Sur ,1st ,Mario S. Ty , ,8,Mario,Ty
Surigao del Sur ,2nd ,Ernesto T. Estrella , ,8,Ernesto,Estrella
Tarlac ,1st ,"Jose R. Cojuangco, Jr. ",LDP ,8,Jose,Cojuangco
Tarlac ,2nd ,Jose V. Yap ,LDP ,8,Jose,Yap
Tarlac ,3rd ,Herminio S. Aquino ,LDP ,8,Herminio,Aquino
Tawi-Tawi ,Lone ,"Alawadin T. Bandon, Jr. ", ,8,Alawadin,Bandon
Tawi-Tawi ,"",Romulo Espaldon[13] , ,8,Romulo,Espaldon
Valenzuela ,Lone ,Antonio M. Serapio , ,8,Antonio,Serapio
Zambales ,1st ,Katherine H. Gordon , ,8,Katherine,Gordon
Zambales ,2nd ,Pacita T. Gonzales , ,8,Pacita,Gonzales
Zamboanga City ,Lone ,Maria Clara Lobregat ,LDP ,8,Maria,Lobregat
Zamboanga del Norte ,1st ,"Artemio A. Adasa, Jr. ", ,8,Artemio,Adasa
Zamboanga del Norte ,2nd ,Ernesto S. Amatong , ,8,Ernesto,Amatong
Zamboanga del Norte ,3rd ,Angel M. Carloto , ,8,Angel,Carloto
Zamboanga del Sur ,1st ,"Isidoro E. Real, Jr. ", ,8,Isidoro,Real
Zamboanga del Sur ,2nd ,Antonio H. Cerilles , ,8,Antonio,Cerilles
Zamboanga del Sur ,3rd ,Wilfredo G. Cainglet , ,8,Wilfredo,Cainglet
