Province,District,Name,Party,,Year,First,Last
Abra ,Lone ,Jeremias Z. Zapata ,Lakas-NUCD ,1,9,Jeremias,Zapata
Agusan del Norte ,1st ,Charito B. Plaza , ,2,9,Charito,Plaza
Agusan del Norte ,2nd ,"Edelmiro A. Amante, Sr. ",Nacionalista ,2,9,Edelmiro,Amante
Agusan del Sur ,Lone ,"Ceferino S. Paredes, Jr. ",NPC ,1,9,Ceferino,Paredes
Aklan ,Lone ,Allen S. Quimpo ,Lakas-NUCD ,1,9,Allen,Quimpo
Albay ,1st ,Edcel C. Lagman ,LDP ,2,9,Edcel,Lagman
Albay ,2nd ,Carlos R. Imperial ,NPC ,1,9,Carlos,Imperial
Albay ,3rd ,Al Francis C. Bichara ,Nacionalista ,1,9,Al,Bichara
Antique ,Lone ,Exequiel B. Javier ,Lakas-NUCD ,2,9,Exequiel,Javier
Aurora ,Lone ,Benedicto G. Miran ,LDP ,2,9,Benedicto,Miran
Bacolod City ,Lone ,Romeo G. Guanzon ,Lakas-NUCD ,2,9,Romeo,Guanzon
Basilan ,Lone ,Elnorita P. Tugung , ,1,9,Elnorita,Tugung
Bataan ,1st ,Felicito C. Payumo ,Liberal ,2,9,Felicito,Payumo
Bataan ,2nd ,Dominador N. Venegas , ,1,9,Dominador,Venegas
Batanes ,Lone ,Enrique C. Lizardo ,LDP ,1,9,Enrique,Lizardo
Batangas ,1st ,Eduardo R. Ermita ,Lakas-NUCD ,1,9,Eduardo,Ermita
Batangas ,2nd ,Hernando B. Perez ,Lakas-NUCD ,2,9,Hernando,Perez
Batangas ,3rd ,Milagros Laurel-Trinidad ,Nacionalista ,2,9,Milagros,Laurel-Trinidad
Batangas ,4th ,Ralph G. Recto ,LDP ,1,9,Ralph,Recto
Benguet ,1st ,Bernardo M. Vergara ,NPC ,1,9,Bernardo,Vergara
Benguet ,2nd ,Samuel M. Dangwa ,LDP ,2,9,Samuel,Dangwa
Bohol ,1st ,Venice Borja-Agana ,Lakas NUCD ,2,9,Venice,Borja-Agana
Bohol ,2nd ,Erico B. Aumentado ,Lakas NUCD ,1,9,Erico,Aumentado
Bohol ,3rd ,Isidro C. Zarraga ,Lakas NUCD ,2,9,Isidro,Zarraga
Bukidnon ,1st ,Socorro O. Acosta ,Liberal ,2,9,Socorro,Acosta
Bukidnon ,2nd ,Reginaldo N. Tilanduca ,NPC ,1,9,Reginaldo,Tilanduca
Bukidnon ,3rd ,"Jose Ma. R. Zubiri, Jr. ",NPC ,2,9,Jose,Zubiri
Bulacan ,1st ,Teodulo C. Natividad ,LDP ,1,9,Teodulo,Natividad
Bulacan ,2nd ,Pedro M. Pancho ,Lakas NUCD ,1,9,Pedro,Pancho
Bulacan ,3rd ,Ricardo C. Silverio ,Lakas NUCD ,1,9,Ricardo,Silverio
Bulacan ,4th ,Angelito M. Sarmiento ,Lakas NUCD ,1,9,Angelito,Sarmiento
Cagayan ,1st ,Juan Ponce Enrile ,Nacionalista ,1,9,Juan,Enrile
Cagayan ,2nd ,Edgar R. Lara ,NPC ,1,9,Edgar,Lara
Cagayan ,3rd ,Francisco K. Mamba ,Lakas-NUCD ,1,9,Francisco,Mamba
Cagayan de Oro City ,Lone ,Erasmo B. Damasing ,Lakas NUCD ,1,9,Erasmo,Damasing
Caloocan City ,1st ,Aurora A. Henson , ,1,9,Aurora,Henson
Caloocan City ,2nd ,Luis A. Asistio ,NPC ,1,9,Luis,Asistio
Camarines Norte ,Lone ,Emmanuel B. Pimentel ,LDP ,1,9,Emmanuel,Pimentel
Camarines Sur ,1st ,Rolando R. Andaya ,Lakas NUCD ,2,9,Rolando,Andaya
Camarines Sur ,2nd ,Celso O. Baguio , ,1,9,Celso,Baguio
Camarines Sur ,3rd ,Arnulfo P. Fuentebella ,NPC ,1,9,Arnulfo,Fuentebella
Camarines Sur ,4th ,Ciriaco R. Alfelor ,Lakas NUCD ,2,9,Ciriaco,Alfelor
Camiguin ,Lone ,Pedro P. Romualdo ,Lakas NUCD ,2,9,Pedro,Romualdo
Capiz ,1st ,"Gerardo A. Roxas, Jr.1 ",Liberal ,2,9,Gerardo,Jr.
Capiz ,"",Manuel A. Roxas II2 ,Liberal ,1,9,Manuel,II
Capiz ,2nd ,"Vicente J. Andaya, Jr. ",Lakas NUCD ,1,9,Vicente,Andaya
Catanduanes ,Lone ,"Leandro B. Verceles, Jr. ",LDP ,1,9,Leandro,Verceles
Cavite ,1st ,"Dominador G. Nazareno, Jr. ",NPC ,1,9,Dominador,Nazareno
Cavite ,2nd ,Renato P. Dragon ,LDP/MAGDALO ,2,9,Renato,Dragon
Cavite ,3rd ,Telesforo A. Unas ,LDP ,1,9,Telesforo,Unas
Cebu ,1st ,Eduardo R. Gullas ,LDP ,1,9,Eduardo,Gullas
Cebu ,2nd ,Crisologo Abines ,NPC ,2,9,Crisologo,Abines
Cebu ,3rd ,Pablo P. Garcia ,LDP ,2,9,Pablo,Garcia
Cebu ,4th ,"Celestino E. Martinez, Jr. ",Lakas NUCD ,2,9,Celestino,Martinez
Cebu ,5th ,Ramon D. Durano III ,NPC ,2,9,Ramon,Durano
Cebu ,6th ,Nerissa Corazon Soon-Ruiz ,LDP ,1,9,Nerissa,Soon-Ruiz
Cebu City ,1st ,Raul V. Del Mar , ,2,9,Raul,Mar
Cebu City ,2nd ,Antonio V. Cuenco , ,2,9,Antonio,Cuenco
Cotabato (North) ,1st ,Anthony P. Dequiña , ,1,9,Anthony,Dequiña
Cotabato (North) ,2nd ,Gregorio A. Andolana , ,2,9,Gregorio,Andolana
Davao City ,1st ,Jesus G. Dureza , ,2,9,Jesus,Dureza
Davao City ,2nd ,Manuel M. Garcia , ,1,9,Manuel,Garcia
Davao City ,3rd ,Elias B. Lopez , ,1,9,Elias,Lopez
Davao del Norte ,1st ,Rogelio M. Sarmiento , ,1,9,Rogelio,Sarmiento
Davao del Norte ,2nd ,Baltazar A. Sator , ,2,9,Baltazar,Sator
Davao del Norte ,3rd ,Rodolfo P. Del Rosario , ,2,9,Rodolfo,Rosario
Davao del Sur ,1st ,"Alejandro D. Almendras, Sr. ", ,1,9,Alejandro,Almendras
Davao del Sur ,2nd ,"Benjamin V. Bautista, Sr. ", ,2,9,Benjamin,Bautista
Davao Oriental ,1st ,Ma. Elena T. Palma-Gil , ,1,9,Elena,Palma-Gil
Davao Oriental ,2nd ,Thelma Z. Almario , ,2,9,Thelma,Almario
Eastern Samar ,Lone ,Jose T. Ramirez , ,2,9,Jose,Ramirez
Ifugao ,Lone ,Benjamin B. Cappleman ,LDP ,1,9,Benjamin,Cappleman
Ilocos Norte ,1st ,"Roque R. Ablan, Jr. ",KBL ,2,9,Roque,Ablan
Ilocos Norte ,2nd ,Ferdinand R. Marcos II ,KBL ,1,9,Ferdinand,Marcos
Ilocos Sur ,1st ,Mariano M. Tajon ,LDP ,1,9,Mariano,Tajon
Ilocos Sur ,2nd ,Eric D. Singson ,LDP ,2,9,Eric,Singson
Iloilo ,1st ,Oscar G. Garin , ,2,9,Oscar,Garin
Iloilo ,2nd ,Alberto J. Lopez , ,2,9,Alberto,Lopez
Iloilo ,3rd ,Licurgo P. Tirador , ,2,9,Licurgo,Tirador
Iloilo ,4th ,Nicetas P. Panes , ,1,9,Nicetas,Panes
Iloilo ,5th ,Neil D. Tupas , ,2,9,Neil,Tupas
Iloilo City ,Lone ,Rafael J. Lopez-Vito , ,2,9,Rafael,Lopez-Vito
Isabela ,1st ,Rodolfo B. Albano ,NPC ,2,9,Rodolfo,Albano
Isabela ,2nd ,"Faustino S. Dy, Jr. ",NPC ,1,9,Faustino,Dy
Isabela ,3rd ,Santiago P. Respicio ,NPC ,2,9,Santiago,Respicio
Isabela ,4th ,Antonio M. Abaya ,NPC ,2,9,Antonio,Abaya
Kalinga-Apayao ,Lone ,Elias K. Bulut ,LDP ,1,9,Elias,Bulut
La Union ,1st ,Victor F. Ortega ,NPC ,2,9,Victor,Ortega
La Union ,2nd ,Jose D. Aspiras ,NPC ,2,9,Jose,Aspiras
Laguna ,1st ,Roy M. Almoro , ,1,9,Roy,Almoro
Laguna ,2nd ,Rodolfo R. Tingzon , ,1,9,Rodolfo,Tingzon
Laguna ,3rd ,Florante L. Aquino , ,2,9,Florante,Aquino
Laguna ,4th ,Magdaleno M. Palacol , ,2,9,Magdaleno,Palacol
Lanao del Norte ,1st ,"Mariano Ll. Badelles, Sr. ", ,2,9,Mariano,Badelles
Lanao del Norte ,2nd ,Mario E. Hisuler , ,1,9,Mario,Hisuler
Lanao del Sur ,1st ,Mamintal M. Adiong ,Lakas-NUCD ,1,9,Mamintal,Adiong
Lanao del Sur ,2nd ,Mohamad Ali B. Dimaporo ,NPC ,2,9,Mohamad,Dimaporo
Las Piñas-Muntinlupa ,Lone ,"Manuel B. Villar, Jr. ",Lakas-NUCD ,1,9,Manuel,Villar
Leyte ,1st ,Cirilo Roy C. Montejo , ,2,9,Cirilo,Montejo
Leyte ,2nd ,Sergio Antonio F. Apostol , ,1,9,Sergio,Apostol
Leyte ,3rd ,Alberto S. Veloso , ,2,9,Alberto,Veloso
Leyte ,4th ,Carmelo J. Locsin , ,2,9,Carmelo,Locsin
Leyte ,5th ,Eriberto V. Loreto , ,2,9,Eriberto,Loreto
Maguindanao ,1st ,Michael O. Mastura , ,2,9,Michael,Mastura
Maguindanao ,2nd ,Simeon A. Datumanong ,Lakas-NUCD ,2,9,Simeon,Datumanong
Makati ,Lone ,Joker P. Arroyo , ,1,9,Joker,Arroyo
Malabon-Navotas ,Lone ,Teresa Aquino-Oreta , ,2,9,Teresa,Aquino-Oreta
Manila ,1st ,Martin B. Isidro , ,2,9,Martin,Isidro
Manila ,2nd ,Jaime C. Lopez , ,2,9,Jaime,Lopez
Manila ,3rd ,Leonardo B. Fugoso , ,2,9,Leonardo,Fugoso
Manila ,4th ,"Ramon S. Bagatsing, Jr. ", ,2,9,Ramon,Bagatsing
Manila ,5th ,Amado S. Bagatsing , ,2,9,Amado,Bagatsing
Manila ,6th ,Rosenda Ann M. Ocampo , ,1,9,Rosenda,Ocampo
Marikina ,Lone ,Romeo D. Candazo , ,1,9,Romeo,Candazo
Marinduque ,Lone ,Carmencita O. Reyes , ,2,9,Carmencita,Reyes
Masbate ,1st ,Tito R. Espinosa3 , ,2,9,Tito,Espinosa
Masbate ,2nd ,Luz Cleta R. Bakunawa , ,2,9,Luz,Bakunawa
Masbate ,3rd ,Antonio T. Kho , ,1,9,Antonio,Kho
Misamis Occidental ,1st ,Percival B. Catane , ,1,9,Percival,Catane
Misamis Occidental ,2nd ,"Hilarion J. Ramiro, Jr. ", ,1,9,Hilarion,Ramiro
Misamis Oriental ,1st ,Homobono T. Cesar , ,1,9,Homobono,Cesar
Misamis Oriental ,2nd ,Victorico L. Chavez , ,1,9,Victorico,Chavez
Mountain Province ,Lone ,Victor S. Dominguez ,Lakas-NUCD ,2,9,Victor,Dominguez
Negros Occidental ,1st ,Tranquilino B. Carmona , ,1,9,Tranquilino,Carmona
Negros Occidental ,2nd ,Manuel H. Puey , ,2,9,Manuel,Puey
Negros Occidental ,3rd ,Jose Carlos V. Lacson , ,2,9,Jose,Lacson
Negros Occidental ,4th ,Edward M. Matti , ,2,9,Edward,Matti
Negros Occidental ,5th ,Mariano M. Yulo , ,2,9,Mariano,Yulo
Negros Occidental ,6th ,Hortensia L. Starke , ,2,9,Hortensia,Starke
Negros Oriental ,1st ,Jerome V. Paras , ,2,9,Jerome,Paras
Negros Oriental ,2nd ,Miguel L. Romero , ,2,9,Miguel,Romero
Negros Oriental ,3rd ,Margarito B. Teves , ,2,9,Margarito,Teves
Northern Samar ,1st ,Raul A. Daza ,Liberal ,2,9,Raul,Daza
Northern Samar ,2nd ,Wilmar P. Lucero ,Liberal ,1,9,Wilmar,Lucero
Nueva Ecija ,1st ,Renato V. Diaz , ,1,9,Renato,Diaz
Nueva Ecija ,2nd ,Eleuterio R. Violago , ,1,9,Eleuterio,Violago
Nueva Ecija ,3rd ,Pacifico M. Fajardo , ,1,9,Pacifico,Fajardo
Nueva Ecija ,4th ,Victorio A. Lorenzo , ,1,9,Victorio,Lorenzo
Nueva Vizcaya ,Lone ,Leonardo B. Perez ,NPC ,1,9,Leonardo,Perez
Occidental Mindoro ,Lone ,Jose T. Villarosa , ,1,9,Jose,Villarosa
Oriental Mindoro ,1st ,J. Renato V. Leviste , ,1,9,J.,Leviste
Oriental Mindoro ,2nd ,Jesus M. Punzalan , ,2,9,Jesus,Punzalan
Palawan ,1st ,David A. Ponce De Leon , ,2,9,David,Leon
Palawan ,2nd ,"Alfredo Amor E. Abueg, Jr. ", ,1,9,Alfredo,Abueg
Pampanga ,1st ,Carmelo F. Lazatin , ,2,9,Carmelo,Lazatin
Pampanga ,2nd ,Emigdio L. Lingad , ,2,9,Emigdio,Lingad
Pampanga ,3rd ,Andrea D. Domingo , ,1,9,Andrea,Domingo
Pampanga ,4th ,Emilio Bondoc , ,2,9,Emilio,Bondoc
Pangasinan ,1st ,Oscar M. Orbos ,independent ,2,9,Oscar,Orbos
Pangasinan ,2nd ,Chris F. Mendoza ,Lakas-NUCD ,2,9,Chris,Mendoza
Pangasinan ,3rd ,Eric Galo P. Acuña ,NPC ,1,9,Eric,Acuña
Pangasinan ,4th ,"Jose C. De Venecia, Jr. ",Lakas-NUCD ,2,9,Jose,Venecia
Pangasinan ,5th ,"Amadeo R. Perez, Jr. ",LDP ,1,9,Amadeo,Perez
Pangasinan ,6th ,Conrado M. Estrella III ,NPC ,2,9,Conrado,Estrella
Parañaque ,Lone ,Roilo J. Golez , ,1,9,Roilo,Golez
Pasay City ,Lone ,Jovito O. Claudio , ,1,9,Jovito,Claudio
Pasig ,Lone ,Rufino S. Javier , ,2,9,Rufino,Javier
Pateros-Taguig ,Lone ,Dante O. Tinga , ,2,9,Dante,Tinga
Quezon ,1st ,Wilfrido L. Enverga , ,2,9,Wilfrido,Enverga
Quezon ,2nd ,"Marcial C. Punzalan, Jr. ", ,1,9,Marcial,Punzalan
Quezon ,3rd ,Danilo E. Suarez , ,1,9,Danilo,Suarez
Quezon ,4th ,Manolet O. Lavides , ,1,9,Manolet,Lavides
Quezon City ,1st ,Renato A. Yap , ,1,9,Renato,Yap
Quezon City ,2nd ,Dante V. Liban , ,1,9,Dante,Liban
Quezon City ,3rd ,Dennis Y. Roldan , ,1,9,Dennis,Roldan
Quezon City ,4th ,"Feliciano R. Belmonte, Jr. ",Lakas-NUCD ,1,9,Feliciano,Belmonte
Quirino ,Lone ,Junie E. Cua , ,2,9,Junie,Cua
Rizal ,1st ,Manuel Sanchez4 ,Lakas NUCD ,1,9,Manuel,Sanchez
Rizal ,"",Gilberto Duavit5 ,NPC ,1,9,Gilberto,Duavit
Rizal ,2nd ,"Emigdio S. Tanjuatco, Jr. ", ,2,9,Emigdio,Tanjuatco
Romblon ,Lone ,Eleandro Jesus F. Madrona , ,1,9,Eleandro,Madrona
Samar (Western) ,1st ,Rodolfo T. Tuazon , ,1,9,Rodolfo,Tuazon
Samar (Western) ,2nd ,Catalino V. Figueroa , ,1,9,Catalino,Figueroa
San Juan-Mandaluyong ,Lone ,Ronaldo B. Zamora , ,2,9,Ronaldo,Zamora
Siquijor ,Lone ,Orlando B. Fua , ,1,9,Orlando,Fua
Sorsogon ,1st ,Salvador H. Escudero III , ,2,9,Salvador,Escudero
Sorsogon ,2nd ,Bonifacio H. Gillego , ,2,9,Bonifacio,Gillego
South Cotabato ,1st ,Luwalhati R. Antonino , ,1,9,Luwalhati,Antonino
South Cotabato ,2nd ,Daisy P. Avance-Fuentes , ,1,9,Daisy,Avance-Fuentes
South Cotabato ,3rd ,James L. Chiongbian , ,2,9,James,Chiongbian
Southern Leyte ,Lone ,Roger G. Mercado , ,2,9,Roger,Mercado
Sultan Kudarat ,Lone ,Estanislao V. Valdez , ,2,9,Estanislao,Valdez
Sulu ,1st ,Bensaudi O. Tulawie , ,1,9,Bensaudi,Tulawie
Sulu ,2nd ,Asani S. Tammang , ,1,9,Asani,Tammang
Surigao del Norte ,1st ,Glenda B. Ecleo , ,2,9,Glenda,Ecleo
Surigao del Norte ,2nd ,Robert Z. Barbers ,Lakas NUCD ,1,9,Robert,Barbers
Surigao del Sur ,1st ,Mario S. Ty , ,2,9,Mario,Ty
Surigao del Sur ,2nd ,Ernesto T. Estrella , ,2,9,Ernesto,Estrella
Tarlac ,1st ,"Jose S. Cojuangco, Jr. ", ,2,9,Jose,Cojuangco
Tarlac ,2nd ,Jose V. Yap , ,2,9,Jose,Yap
Tarlac ,3rd ,Herminio S. Aquino , ,2,9,Herminio,Aquino
Tawi-Tawi ,Lone ,Nur G. Jaafar , ,1,9,Nur,Jaafar
Valenzuela ,Lone ,Antonio M. Serapio , ,2,9,Antonio,Serapio
Zambales ,1st ,Katherine H. Gordon , ,2,9,Katherine,Gordon
Zambales ,2nd ,Antonio M. Diaz , ,1,9,Antonio,Diaz
Zamboanga City ,Lone ,Maria Clara Lobregat ,LDP ,2,9,Maria,Lobregat
Zamboanga del Norte ,1st ,"Artemio A. Adasa, Jr. ", ,2,9,Artemio,Adasa
Zamboanga del Norte ,2nd ,Ernesto S. Amatong , ,2,9,Ernesto,Amatong
Zamboanga del Norte ,3rd ,Angel M. Carloto , ,2,9,Angel,Carloto
Zamboanga del Sur ,1st ,Alejandro S. Urro , ,1,9,Alejandro,Urro
Zamboanga del Sur ,2nd ,Antonio H. Cerilles , ,2,9,Antonio,Cerilles
Zamboanga del Sur ,3rd ,Belma A. Cabilao , ,1,9,Belma,Cabilao
